ID;Entnahmedatum;Entnahmezeit;Witterung;Schuettungsmenge;Wassertemperatur;Truebung;Elektr_Leitfaehigkeit;pH-Wert;Sauerstoff;Sauerstoffsaettigung;Chemische_Analysen;Bakteriologische_Analysen;Bemerkungen Messdaten
22;23.03.1998;;Schneefall;6000;7.6;;303;;;;;;
23;23.03.1998;;Schneefall;126.3;7.4;;229;;;;;;
24;23.03.1998;;Schneefall;40;8;;285;;;;;;
25;23.03.1998;;Schneefall;10;6.4;;250;;;;;;
26;23.03.1998;;Schneefall;26.9;6.8;;282;;;;;;
27;06.05.1998;;schön;;5.3;;189;;;;;;
28;06.05.1998;;schön;28;5.3;;213;;;;;;
30;05.05.1998;;schön;147;6.2;;380;;;;;;
31;05.05.1998;;schön;46.4;7.1;;377;;;;;;
32;05.05.1998;;schön;;6.1;;362;;;;;;
33;05.05.1998;;schön;10.8;4.7;;321;;;;;;
35;05.05.1998;;schön;18.3;6.4;;300;;;;;;
36;28.03.1998;;Schneefall;300;8;;362;;;;;;
37;05.05.1998;;schön;60;7.5;;387;;;;;;Schüttung >60 l/min
38;06.05.1998;;schön;100;6.4;;362;;;;;;Schüttung 6.5.98 > 100 l/min
40;06.05.1998;;schön;;6.4;;360;;;;;;Schüttung nicht messbar, Überlauf 20 - 30 l/min
41;05.05.1998;;schön;30;6.8;;272;;;;;;"Im Schacht Überlauf; Schüttung grösser als 30 l/min"
42;06.05.1998;;schön;100;6.9;;332;;;;;;Schüttung nicht messbar, > 100 l/min
74;06.05.1998;;schön;6.8;7.5;;374;;;;;;
73;05.05.1998;;schön;;5.5;;199;;;;;;Schüttung nicht messbar
72;06.05.1998;;schön;;6.3;;437;;;;;;Schüttung nicht messbar
71;06.05.1998;;schön;10.2;6.4;;302;;;;;;
70;06.05.1998;;schön;;6;;355;;;;;;Schüttung nicht messbar
69;06.05.1998;;schön;30;7.1;;312;;;;;;"Schüttung nicht messbar; Überlauf 30 l/min"
67;05.05.1998;;schön;60;5.4;;365;;;;;;
68;05.05.1998;;schön;;5.8;;366;;;;;;Schüttung nicht messbar
66;05.05.1998;;schön;8;5.8;;325;;;;;;
65;05.05.1998;;schön;;6.5;;311;;;;;;Schüttung nicht messbar
64;05.05.1998;;schön;;6.8;;312;;;;;;"Schüttung nicht messbar; Überlauf 30 l/min"
63;23.03.1998;;Schneefall;2.2;7.6;;419;;;;;;
615;05.05.1998;;schön;11;6.7;;300;;;;;;"Schüttung im Brunnen gemessen; Ertrag grösser"
616;05.05.1998;;schön;20;6.3;;302;;;;;;
612;05.05.1998;;schön;;7.2;;293;;;;;;
49;26.03.1998;;schön;;7.8;;468;;;;;;"Schüttung nicht messbar; gemäss Herrn Zimmermann klein"
54;26.03.1998;;schön;4000;8.1;;428;;;;;;Schüttung ca. 4000 l/min
55;26.03.1998;;schön;;7.9;;547;;;;;;Schüttung nicht messbar
57;26.03.1998;;schön;;8.4;;464;;;;;;Schüttung nicht messbar
61;26.03.1998;;schön;40;8.8;;421;;;;;;
755;25.03.1998;;schön;51.6;5.7;;152;;;;;;
17;17.03.1996;;;30;4.9;;;;;;;;
5;27.05.1996;;;137;5;;;;;;;;
5;25.03.1998;;schön;44.1;5.2;;160;;;;;;
25;17.03.1996;;;30;4.9;;;;;;;;
3;27.05.1996;;;240;5;;;;;;;;
4;25.03.1998;;schön;19;5.4;;125;;;;;;
4;17.03.1996;;;10;4.8;;;;;;;;
4;27.05.1996;;;65;6;;;;;;;;
5;25.03.1998;;schön;81.3;5.1;;136;;;;;;
5;17.03.1996;;;31;4.8;;;;;;;;
5;27.05.1996;;;115;5.3;;;;;;;;
6;25.03.1998;;schön;353;5.2;;141;;;;;;
6;17.03.1996;;;0;;;;;;;;;
6;27.05.1996;;;1500;5.1;;;;;;;;
7;25.03.1998;;schön;38;4.9;;86;;;;;;
7;29.09.1996;;;44;4.9;;;;;;;;
7;10.12.1995;;;16;4.8;;;;;;;;
8;25.03.1998;;schön;49.2;5;;91;;;;;;
8;29.09.1996;;;63;4.9;;;;;;;;
8;10.12.1995;;;30;4.9;;;;;;;;
9;10.12.1995;;;100;4.6;;;;;;;;
9;28.05.1995;;;300;4.7;;;;;;;;
10;10.12.1995;;;100;4.7;;;;;;;;
10;28.05.1995;;;1150;4.3;;;;;;;;
12;25.03.1998;;schön;;7.2;;215;;;;;;
14;25.03.1998;;schön;1.4;4.2;;284;;;;;;
16;25.03.1998;;schön;31;8.7;;428;;;;;;
17;25.03.1998;;schön;30;6.8;;133;;;;;;
20;25.03.1998;;schön;235;6.6;;167;;;;;;
610;25.03.1998;;schön;7.8;2.4;;68;;;;;;
611;25.03.1998;;schön;3.5;6.7;;366;;;;;;
613;25.03.1998;;schön;7.7;8.5;;375;;;;;;
196;19.06.1998;;Trocken;164;7.8;;392;;;;;;
196;19.06.1998;;Trocken;164;7.8;;392;;;;;;
197;23.06.1998;;trocken;80.3;7;;351;;;;;;
198;23.06.1998;;trocken;377;6.5;;348;;;;;;
199;23.06.1998;;trocken;163;6.8;;362;;;;;;
200;19.06.1998;;trocken;607;7.2;;306;;;;;;
201;23.06.1998;;trocken;103.7;8.4;;299;;;;;;
202;23.06.1998;;trocken;9.98;8.9;;496;;;;;;
203;23.06.1998;;trocken;2.8;11.4;;527;;;;;;
204;23.06.1998;;trocken;22.8;9.6;;436;;;;;;
205;23.06.1998;;trocken;52;9.8;;404;;;;;;
206;23.06.1998;;trocken;;9.9;;432;;;;;;Schüttung nicht messbar
207;23.06.1998;;trocken;5.5;9.2;;435;;;;;;
208;23.06.1998;;trocken;106;8.5;;368;;;;;;Schüttung Quelle mitte und oben
209;23.06.1998;;trocken;1.6;12.5;;540;;;;;;
210;19.06.1998;;trocken;7;8.7;;212;;;;;;
211;19.06.1998;;trocken;15.9;7.1;;421;;;;;;Schüttung Einlauf rechts und links
212;19.06.1998;;trocken;3.8;6.9;;355;;;;;;
213;19.06.1998;;trocken;13;4.8;;245;;;;;;
214;19.06.1998;;trocken;30.5;5.6;;306;;;;;;im Reservoir gemessen
215;19.06.1998;;trocken;9;5.8;;380;;;;;;
216;19.06.1998;;trocken;4.6;4.2;;290;;;;;;
217;19.06.1998;;trocken;11.7;5.1;;315;;;;;;Schüttung total Quellen ober Niedern
218;23.06.1998;;trocken;0.75;15.9;;503;;;;;;
221;23.06.1998;;trocken;19;11.7;;343;;;;;;
222;23.06.1998;;trocken;141;8.4;;299;;;;;;
223;23.06.1998;;trocken;81;7.5;;324;;;;;;
248;23.06.1998;;trocken;161;6.4;;349;;;;;;
249;23.06.1998;;trocken;93;6.5;;355;;;;;;
250;19.06.1998;;trocken;343;7.2;;356;;;;;;
636;23.06.1998;;trocken;31;7.8;;320;;;;;;
637;23.06.1998;;trocken;4.6;8.5;;374;;;;;;Gesamtschüttung Einlauf 1 + 2
638;23.06.1998;;trocken;2.4;13;;6.25;;;;;;
639;23.06.1998;;trocken;19;9.2;;342;;;;;;
640;19.06.1998;;trocken;6.8;5.8;;333;;;;;;
641;19.06.1998;;trocken;8.7;7.1;;356;;;;;;
645;19.06.1998;;trocken;24;5.2;;316;;;;;;
714;19.06.1998;;trocken;6;6.9;;347;;;;;;
715;19.06.1998;;trocken;30;4.8;;319;;;;;;
716;19.06.1998;;trocken;11.7;4.9;;297;;;;;;Gesamt-Schüttung Quellen Ober Niederen
717;19.06.1998;;trocken;11.7;4.8;;277;;;;;;Gesamt-Schüttung Quellen Ober Niederen
718;19.06.1998;;trocken;11.7;5.6;;256;;;;;;Gesamt-Schüttung Quellen Ober Niedern
719;23.06.1998;;trocken;106;8.3;;349;;;;;;Schüttung Quellen oben und mitte
720;19.06.1998;;trocken;;9.4;;360;;;;;;Schüttung nicht messbar: tropft nur
721;19.06.1998;;trocken;3;15.5;;465;;;;;;
770;28.08.1998;;trocken;5.3;10.3;;462;;;;;;
768;20.08.1998;;trocken;6.8;10.5;;401;;;;;;
767;20.08.1998;;trocken;10;9.1;;412;;;;;;
766;20.08.1998;;trocken;8;9.7;;404;;;;;;
765;20.08.1998;;trocken;;10.2;;421;;;;;;
763;20.08.1998;;trocken;1;;;;;;;;;
762;20.08.1998;;trocken;1;8;;529;;;;;;
761;20.08.1998;;trocken;1.5;10;;416;;;;;;
760;28.08.1998;;trocken;12.8;9.4;;233;;;;;;
759;20.08.1998;;trocken;1;14.1;;431;;;;;;
758;20.08.1998;;trocken;1;12.6;;467;;;;;;
757;20.08.1998;;trocken;1;15.4;;424;;;;;;
685;20.08.1998;;trocken;4;7.8;;352;;;;;;
756;20.08.1998;;trocken;3;9.8;;491;;;;;;
755;20.08.1998;;trocken;2.4;5;;192;;;;;;
224;14.07.1998;;;5.2;12.7;;272;;;;;;
226;17.07.1998;;;190;7.5;;262;;;;;;
561;14.07.1998;;;479.2;7.9;;253;;;;;;3 Einläufe (Mischprobe)
564;14.07.1998;;;;8.1;;255;;;;;;
566;14.07.1998;;;14.8;8.5;;258;;;;;;
754;20.08.1998;;trocken;26.5;5.4;;214;;;;;;
753;01.07.1998;;trocken;12.3;6.1;;285;;;;;;
752;01.07.1998;;trocken;47.4;6.2;;182;;;;;;
751;01.07.1998;;trocken;150;4.8;;201;;;;;;
750;01.07.1998;;trocken;5;5.1;;260;;;;;;
684;20.08.1998;;trocken;0.5;13.8;;422;;;;;;
683;20.08.1998;;trocken;3.8;8.7;;256;;;;;;
681;01.07.1998;;trocken;33;6.9;;410;;;;;;
680;01.07.1998;;trocken;10.9;6.1;;466;;;;;;
679;20.08.1998;;trocken;10;15;;353;;;;;;
678;28.08.1998;;trocken;7;9.5;;227;;;;;;
677;20.08.1998;;trocken;1.2;16.2;;317;;;;;;
676;20.08.1998;;trocken;7;12;;304;;;;;;
675;20.08.1998;;trocken;18.3;7.5;;310;;;;;;
674;01.07.1998;;trocken;4;8.2;;294;;;;;;
673;01.07.1998;;trocken;5;5.6;;213;;;;;;
672;20.08.1998;;trocken;;6.3;;221;;;;;;
671;20.08.1998;;trocken;;6.6;;195;;;;;;
670;01.07.1998;;trocken;75;6.3;;188;;;;;;
669;01.07.1998;;trocken;142;4;;186;;;;;;
668;01.07.1998;;trocken;1;6.6;;301;;;;;;
667;01.07.1998;;trocken;228;5.5;;210;;;;;;
666;01.07.1998;;trocken;40;5;;192;;;;;;
665;01.07.1998;;trocken;55.8;3.1;;194;;;;;;
175;20.08.1998;;trocken;800;7.7;;210;;;;;;
174;01.07.1998;;trocken;9.8;8.6;;268;;;;;;
164;20.08.1998;;trocken;300;5.8;;213;;;;;;
163;01.07.1998;;trocken;500;5.7;;160;;;;;;
162;20.08.1998;;trocken;40;6.4;;218;;;;;;
161;01.07.1998;;trocken;176.5;4.8;;197;;;;;;
9;25.08.1998;;;300;6.1;;96;;;;;;
10;25.08.1998;;;600;5.5;;90;;;;;;
18;25.08.1998;;;;3.8;;164;;;;;;
19;25.08.1998;;;22.2;5.2;;172;;;;;;
52;28.08.1998;;;2200;7.7;;769;;;;;;
53;28.08.1998;;;;11;;215;;;;;;
160;17.07.1998;;;;8.3;;233;;;;;;
646;17.07.1998;;;10;3;;231;;;;;;
647;17.07.1998;;;25.5;7.8;;230;;;;;;
648;17.07.1998;;;15;5.9;;252;;;;;;
649;17.07.1998;;;;9;;344;;;;;;
786;17.07.1998;;;20;3.8;;222;;;;;;
423;20.07.1998;;;250;;;;;;;;;
424;20.07.1998;;;900;8.4;;194;;;;;;
425;20.07.1998;;;94;8.9;;220;;;;;;
426;20.07.1998;;;30;8.4;;228;;;;;;
427;20.07.1998;;;22.8;10.2;;215;;;;;;
428;20.07.1998;;;85.6;7.3;;199;;;;;;
429;20.07.1998;;;63.7;7.5;;202;;;;;;
430;20.07.1998;;;40;7.7;;219;;;;;;
431;20.07.1998;;;30.5;7.6;;213;;;;;;
432;20.07.1998;;;;7.4;;212;;;;;;
438;20.07.1998;;;;8.8;;235;;;;;;
439;20.07.1998;;;254;6.5;;192;;;;;;
575;20.07.1998;;;5;13.7;;213;;;;;;
722;20.07.1998;;;1.01;13.8;;378;;;;;;
723;20.07.1998;;;103.6;10.3;;252;;;;;;
724;20.07.1998;;;;8.5;;268;;;;;;
787;20.07.1998;;;12.8;9.4;;242;;;;;;
50;28.08.1998;;;1190;4.6;;204;;;;;;
51;28.08.1998;;;405;4.9;;212;;;;;;
356;04.08.1998;;trocken;110.9;5.2;;249;;;;;;
357;04.08.1998;;trocken;6.4;6.6;;333;;;;;;
358;04.08.1998;;trocken;9.7;7.5;;342;;;;;;
359;04.08.1998;;trocken;18.2;8.1;;355;;;;;;
360;04.08.1998;;trocken;436.4;606;;201;;;;;;
369;04.08.1998;;trocken;212.6;7.4;;187;;;;;;
370;04.08.1998;;trocken;101;7.4;;158;;;;;;
371;04.08.1998;;trocken;54.4;7.9;;156;;;;;;
373;04.08.1998;;trocken;100;7.7;;111;;;;;;
376;04.08.1998;;trocken;168.1;8.1;;175;;;;;;
377;04.08.1998;;trocken;21.6;8;;180;;;;;;
576;28.08.1998;;;600;7.2;;1125;;;;;;
577;28.08.1998;;;600;6.7;;1172;;;;;;
726;04.08.1998;;trocken;18.1;7.5;;192;;;;;;
727;05.08.1998;;trocken;71.7;9.1;;99;;;;;;
728;05.08.1998;;trocken;115.6;9;;71;;;;;;
729;05.08.1998;;trocken;87;4.4;;89;;;;;;
730;05.08.1998;;trocken;150;4.5;;94;;;;;;
731;05.08.1998;;trocken;45;2.7;;108;;;;;;
732;05.08.1998;;trocken;14.2;5.5;;40;;;;;;
733;05.08.1998;;trocken;8.3;4.8;;71;;;;;;
742;04.08.1998;;trocken;12.3;8;;140;;;;;;
361;04.08.1998;;trocken;134.2;6.9;;329;;;;;;
362;04.08.1998;;trocken;165.3;6.9;;338;;;;;;
363;04.08.1998;;trocken;115.6;7.2;;314;;;;;;
365;04.08.1998;;trocken;20.1;7.5;;323;;;;;;
366;04.08.1998;;trocken;104.9;6.9;;310;;;;;;
367;04.08.1998;;trocken;32.4;7.2;;312;;;;;;
368;04.08.1998;;trocken;5.1;7.6;;30;;;;;;
378;04.08.1998;;trocken;43.4;8.6;;212;;;;;;
379;04.08.1998;;trocken;32.6;8.7;;228;;;;;;
380;04.08.1998;;trocken;5;9.2;;229;;;;;;
578;04.08.1998;;trocken;200;8.5;;220;;;;;;
725;04.08.1998;;trocken;12.6;7.4;;323;;;;;;
334;04.08.1998;;trocken;2000;6.1;;124;;;;;;
335;04.08.1998;;trocken;3725;6.3;;102;;;;;;
389;21.08.1998;;trocken;;5.4;;337;;;;;;
388;21.08.1998;;trocken;35.3;5.3;;261;;;;;;
387;21.08.1998;;trocken;;5.4;;324;;;;;;
785;18.08.1998;;trocken;;10.3;;294;;;;;;
784;18.08.1998;;trocken;0;;;;;;;;;
783;18.08.1998;;trocken;0.05;9.6;;297;;;;;;
782;18.08.1998;;trocken;;6.9;;365;;;;;;
781;18.08.1998;;trocken;4;7.3;;209;;;;;;
780;18.08.1998;;trocken;20;4.6;;210;;;;;;
779;18.08.1998;;trocken;0.5;7.4;;207;;;;;;
778;21.08.1998;;leichter Regen;0;;;;;;;;;
777;18.08.1998;;trocken;10;9.2;;348;;;;;;
776;21.08.1998;;leichter Regen;0;;;;;;;;;
77;06.07.1998;;trocken;3.1;8.3;;350;;;;;;
78;06.07.1998;;trocken;11.3;9.5;;517;;;;;;
80;06.07.1998;;trocken;26.9;8.4;;375;;;;;;
84;06.07.1998;;trocken;0.65;15.5;;423;;;;;;
87;06.07.1998;;trocken;5;10.6;;374;;;;;;
89;18.08.1998;;trocken;15;10.1;;395;;;;;;
90;18.08.1998;;trocken;30;9.5;;391;;;;;;
91;18.08.1998;;trocken;;10.9;;393;;;;;;
92;06.07.1998;;trocken;12.4;16.1;;463;;;;;;
95;06.07.1998;;trocken;5;13.1;;460;;;;;;
97;06.07.1998;;trocken;21.4;10.3;;385;;;;;;
99;06.07.1998;;trocken;;12.7;;448;;;;;;
100;18.08.1998;;trocken;5;9.7;;467;;;;;;
101;18.08.1998;;trocken;5;14.8;;519;;;;;;
102;06.07.1998;;trocken;;7.9;;328;;;;;;
103;06.07.1998;;trocken;;8.7;;329;;;;;;
104;06.07.1998;;trocken;25.8;9.6;;350;;;;;;
107;06.07.1998;;trocken;5;9.8;;351;;;;;;
108;06.07.1998;;trocken;39.4;7.9;;350;;;;;;
109;06.07.1998;;trocken;17.9;9.2;;377;;;;;;
110;06.07.1998;;trocken;14.8;8;;319;;;;;;
111;06.07.1998;;trocken;10;6.6;;262;;;;;;
112;06.07.1998;;trocken;;7.9;;402;;;;;;
115;06.07.1998;;trocken;3;6.8;;318;;;;;;
116;06.07.1998;;trocken;5;7.8;;436;;;;;;
117;06.07.1998;;trocken;20;8.1;;352;;;;;;
119;18.08.1998;;trocken;1000;4.6;;216;;;;;;
120;18.08.1998;;leichter Regen;;3.6;;195;;;;;;
121;18.08.1998;;trocken;;3.2;;178;;;;;;
687;18.08.1998;;trocken;2.5;5.2;;210;;;;;;
690;21.08.1998;;leichter Regen;;6.9;;180;;;;;;
691;18.08.1998;;trocken;1.5;8.7;;189;;;;;;
692;18.08.1998;;trocken;0;;;;;;;;;
771;06.07.1998;;trocken;;10.6;;350;;;;;;
772;06.07.1998;;trocken;4;11.6;;366;;;;;;
773;06.07.1998;;trocken;1;6.9;;308;;;;;;
775;06.07.1998;;trocken;20;8.6;;380;;;;;;
474;22.07.1998;;;1000;8;;180;;;;;;
475;22.07.1998;;;284.6;7.9;;181;;;;;;
476;22.07.1998;;;230.8;7.8;;182;;;;;;
477;22.07.1998;;;30;4.8;;177;;;;;;
478;03.09.1998;;;60;4.8;;190;;;;;;
490;22.07.1998;;;1.2;6.4;;72;;;;;;
788;22.07.1998;;;0.5;10.5;;60;;;;;;
789;22.07.1998;;;3.1;9.6;;107;;;;;;
790;22.07.1998;;;;7.5;;65;;;;;;
791;22.07.1998;;;265.5;7.4;;64;;;;;;
793;22.07.1998;;;85.7;4.7;;173;;;;;;
794;26.08.1998;;;15;8.9;;369;;;;;;
795;26.08.1998;;;23.4;10.1;;302;;;;;;
796;26.08.1998;;;;11.5;;372;;;;;;
797;26.08.1998;;;2.5;9.8;;381;;;;;;
798;20.07.1998;;;;7.2;;220;;;;;;
393;21.07.1998;;;;6.3;;285;;;;;;
394;21.07.1998;;;10;6.7;;310;;;;;;
395;21.07.1998;;;100;6.4;;301;;;;;;
396;21.07.1998;;;72.3;6.4;;220;;;;;;
397;21.07.1998;;;58.5;7.6;;260;;;;;;
398;22.07.1998;;;300;8;;308;;;;;;
399;22.07.1998;;;22.2;8.1;;279;;;;;;
400;22.07.1998;;;;8.9;;265;;;;;;
401;22.07.1998;;;55.8;8.9;;267;;;;;;
402;22.07.1998;;;0.6;10.7;;306;;;;;;
403;21.07.1998;;;27;8.3;;273;;;;;;
404;22.07.1998;;;166.7;6.1;;181;;;;;;
406;21.07.1998;;;0.5;11.9;;321;;;;;;
407;22.07.1998;;;8.7;8.7;;270;;;;;;
408;21.07.1998;;;40;8.3;;158;;;;;;
409;22.07.1998;;;3.3;8.2;;231;;;;;;
410;21.07.1998;;;9.1;8.7;;140;;;;;;
412;21.07.1998;;;16.4;9;;181;;;;;;
413;22.07.1998;;;30;7.6;;298;;;;;;
415;21.07.1998;;;;7.4;;420;;;;;;
418;21.07.1998;;;1.86;11.4;;316;;;;;;
419;21.07.1998;;;1.2;7.9;;284;;;;;;
420;21.07.1998;;;5.1;10.4;;291;;;;;;
421;21.07.1998;;;0.1;18.6;;362;;;;;;
618;21.07.1998;;;1.3;12;;344;;;;;;
422;21.07.1998;;;42.1;10.1;;271;;;;;;
798;21.07.1998;;;10.7;10;;177;;;;;;
800;21.07.1998;;;8.4;10.1;;173;;;;;;
801;21.07.1998;;;18.1;10.2;;171;;;;;;
802;21.07.1998;;;4.6;7.3;;262;;;;;;
804;21.07.1998;;;8.9;5.8;;252;;;;;;
805;21.07.1998;;;2.5;7.3;;265;;;;;;
806;21.07.1998;;;11.5;8.4;;293;;;;;;
807;21.07.1998;;;206.9;5.7;;141;;;;;;
808;21.07.1998;;;3.9;7.6;;150;;;;;;
809;28.08.1998;;;;6;;82;;;;;;
810;28.08.1998;;;63.4;9.1;;65;;;;;;
811;28.08.1998;;;64.7;4.5;;74;;;;;;
812;28.08.1998;;;4.9;6;;118;;;;;;
813;28.08.1998;;;10.9;7.3;;24;;;;;;
190;13.07.1998;;;20;9.4;;395;;;;;;
189;13.07.1998;;;0.5;9.7;;296;;;;;;
191;13.07.1998;;;;6;;236;;;;;;
177;13.07.1998;;;52.1;5.7;;347;;;;;;aus Zulauf 2: 50 l/min
251;13.07.1998;;;29.3;7.4;;331;;;;;;
252;13.07.1998;;;52.2;9.6;;345;;;;;;
178;13.07.1998;;;43.7;8.7;;339;;;;;;
253;13.07.1998;;;12.8;8.7;;345;;;;;;
254;13.07.1998;;;12.9;7;;310;;;;;;
179;13.07.1998;;;23.4;5.8;;306;;;;;;
256;13.07.1998;;;17.6;6.5;;264;;;;;;
255;13.07.1998;;;132;5.1;;233;;;;;;
181;13.07.1998;;;35.2;7.8;;330;;;;;;
180;13.07.1998;;;;6.6;;340;;;;;;
257;13.07.1998;;;1000;7.2;;247;;;;;;nur Zulauf 2
258;13.07.1998;;;4.5;7.1;;198;;;;;;Zulauf 1 trocken
182;13.07.1998;;;164;5.5;;196;;;;;;aus Zulauf 5 121 l/min
183;13.07.1998;;;50.8;6.3;;218;;;;;;Hälfte aus Zulauf 2
263;13.07.1998;;;365.8;6;;221;;;;;;
184;13.07.1998;;;17;6.6;;219;;;;;;
264;13.07.1998;;;17.3;7.3;;225;;;;;;
185;13.07.1998;;;148;6.2;;223;;;;;;
259;13.07.1998;;;8.6;7;;222;;;;;;
260;13.07.1998;;;22.1;6.8;;227;;;;;;
262;13.07.1998;;;2.9;6.6;;229;;;;;;
186;13.07.1998;;;53;8.6;;328;;;;;;
187;13.07.1998;;;23.2;9.3;;311;;;;;;
814;13.07.1998;;;3;10.3;;367;;;;;;
815;13.07.1998;;;60;10.4;;457;;;;;;
816;13.07.1998;;;1.7;10.7;;454;;;;;;
817;13.07.1998;;;;7.8;;362;;;;;;
818;24.08.1998;;;5;5.1;;200;;;;;;
819;24.08.1998;;;;6.3;;237;;;;;;
820;24.08.1998;;;2;11;;237;;;;;;
821;24.08.1998;;;23.5;6.1;;238;;;;;;
822;24.08.1998;;;;7.6;;107;;;;;;
823;24.08.1998;;;40;6.2;;238;;;;;;
824;24.08.1998;;;;6.4;;245;;;;;;
491;03.09.1998;;;1500;8.8;;341;;;;;;
494;23.07.1998;;;286;8.4;;305;;;;;;
495;23.07.1998;;;706;8.7;;313;;;;;;
496;23.07.1998;;;470.7;8.6;;319;;;;;;Zulauf 5: 428.6 l/min
497;23.07.1998;;;428.6;8.8;;327;;;;;;
498;23.07.1998;;;6.6;9.6;;519;;;;;;
499;26.08.1998;;;20.9;10.3;;318;;;;;;
500;23.07.1998;;;25.5;10.5;;303;;;;;;
501;23.07.1998;;;6;11.7;;229;;;;;;
502;26.08.1998;;;53.1;7.3;;255;;;;;;
504;26.08.1998;;;20;11.9;;231;;;;;;
505;23.07.1998;;;187;3.8;;187;;;;;;
825;23.07.1998;;;5.8;10.2;;252;;;;;;
826;23.07.1998;;;;6.8;;234;;;;;;
827;23.07.1998;;;9.5;10.6;;310;;;;;;
828;26.08.1998;;;87.1;6.3;;227;;;;;;
829;26.08.1998;;;;6.8;;281;;;;;;
830;26.08.1998;;;61;8.6;;248;;;;;;
831;26.08.1998;;;16.5;10.3;;268;;;;;;
832;26.08.1998;;;8.9;11.5;;268;;;;;;
832;26.08.1998;;;6;9.7;;266;;;;;;
483;03.09.1998;;;1.7;12.4;;194;;;;;;
485;03.09.1998;;;;12.5;;368;;;;;;
486;03.09.1998;;;10.4;10.5;;351;;;;;;
487;03.09.1998;;;7.5;9.8;;358;;;;;;
488;03.09.1998;;;2.5;9.2;;270;;;;;;
227;17.07.1998;;;530;8.9;;240;;;;;;
228;15.07.1998;;;4700;8.6;;233;;;;;;
230;15.07.1998;;;21000;8.1;;230;;;;;;
231;15.07.1998;;;21.7;10;;376;;;;;;
232;15.07.1998;;;55.8;7.6;;279;;;;;;
233;15.07.1998;;;;7.9;;209;;;;;;
234;15.07.1998;;;32;7.2;;234;;;;;;
236;16.07.1998;;;;8.5;;217;;;;;;10-12 m3/min.
237;16.07.1998;;;23.4;10.1;;275;;;;;;
238;25.08.1998;;;300;4.8;;195;;;;;;
242;17.07.1998;;;500;7.7;;241;;;;;;
243;25.08.1998;;;100;6;;204;;;;;;
245;25.08.1998;;;;6.3;;256;;;;;;
247;25.08.1998;;;7.5;8;;243;;;;;;
650;15.07.1998;;;6;11;;243;;;;;;
652;17.07.1998;;;250;4.3;;210;;;;;;
653;16.07.1998;;;;8.1;;235;;;;;;
655;17.07.1998;;;;3.1;;147;;;;;;
656;16.07.1998;;;;3.6;;175;;;;;;
836;15.07.1998;;;23;8.1;;196;;;;;;
837;15.07.1998;;;4.3;6.5;;207;;;;;;
838;15.07.1998;;;;4.8;;148;;;;;;
839;15.07.1998;;;2.8;8.3;;232;;;;;;
840;16.07.1998;;;17.6;6.9;;151;;;;;;
841;16.07.1998;;;20.9;8.3;;250;;;;;;
842;16.07.1998;;;3;7.4;;177;;;;;;
844;16.07.1998;;;1.1;8.4;;187;;;;;;
848;25.08.1998;;;54.1;4.7;;225;;;;;;
849;26.08.1998;;;;12.2;;202;;;;;;
455;28.09.1998;;;38.8;7.7;;319;;;;;;
456;28.09.1998;;;250;7.2;;290;;;;;;
457;28.09.1998;;;260;7.4;;258;;;;;;
458;28.09.1998;;;40.2;7;;271;;;;;;
459;28.09.1998;;;175;7.6;;309;;;;;;davon Einlauf 2: 135 l/min.
460;28.09.1998;;;93.8;8;;275;;;;;;davon Einlauf 2: 86.2 l/min.
461;28.09.1998;;;52;8.4;;351;;;;;;
462;28.09.1998;;;149;7.9;;340;;;;;;
464;28.09.1998;;;3500;9.6;;390;;;;;;
465;28.09.1998;;;2.1;11.6;;327;;;;;;
467;28.09.1998;;;10;9.4;;310;;;;;;
468;28.09.1998;;;23.4;9.9;;350;;;;;;
469;28.09.1998;;;10.1;11.1;;316;;;;;;
470;28.09.1998;;;14;8.8;;394;;;;;;
471;28.09.1998;;;12.1;10.2;;367;;;;;;
850;28.09.1998;;;3.3;8.6;;300;;;;;;
851;28.09.1998;;;12.3;8.9;;341;;;;;;
852;28.09.1998;;;10.2;8.2;;325;;;;;;
854;01.10.1998;;;4.6;8.5;;332;;;;;;
853;01.10.1998;;;;12;;346;;;;;;
354;09.10.1998;;trocken;176;8.4;;267;8.03;;;;;
740;09.10.1998;;trocken;76;5.4;;158;8.34;;;;;
739;09.10.1998;;trocken;108;3.7;;164;8.19;;;;;
743;09.10.1998;;trocken;20;7.2;;277;7.8;;;;;
735;09.10.1998;;trocken;25;7.8;;179;7.6;;;;;
734;09.10.1998;;trocken;100;7.7;;328;7.67;;;;;
738;09.10.1998;;trocken;35;9.4;;251;7.83;;;;;
736;09.10.1998;;trocken;50;6.9;;273;7.63;;;;;
857;01.10.1998;;;38.7;9.6;;302;;;;;;
856;01.10.1998;;;7.9;9.1;;291;;;;;;
855;01.10.1998;;;7.6;9.2;;306;;;;;;
847;01.10.1998;;;0.8;5.2;;184;;;;;;
846;01.10.1998;;;500;3.9;;161;;;;;;
860;01.10.1998;;;;5.1;;195;;;;;;
859;01.10.1998;;;;5.8;;191;;;;;;
858;01.10.1998;;;;4.8;;157;;;;;;
507;02.09.1998;;;147;4;;204;;;;;;
508;02.09.1998;;;25.7;4.8;;205;;;;;;
509;02.09.1998;;;1000;3.4;;212;;;;;;
510;02.09.1998;;;600;3.4;;207;;;;;;
511;02.09.1998;;;750;4.1;;217;;;;;;
512;30.09.1998;;;375;6.2;;279;;;;;;Schüttung bei Überlauf gemessen
513;30.09.1998;;;339;6.9;;313;;;;;;
514;02.09.1998;;;100;7.6;;361;;;;;;
516;02.09.1998;;;;6.9;;371;;;;;;
517;02.09.1998;;;50;7.8;;365;;;;;;
521;30.09.1998;;;48;6.5;;241;;;;;;
523;02.09.1998;;;100;3.4;;146;;;;;;
582;02.09.1998;;;7.7;8;;316;;;;;;
861;02.09.1998;;;109.6;6.4;;236;;;;;;
875;02.09.1998;;;81.3;7;;235;;;;;;
862;02.09.1998;;;50;3.7;;212;;;;;;
863;02.09.1998;;;317;3.3;;213;;;;;;
864;02.09.1998;;;5.5;5.8;;188;;;;;;
865;02.09.1998;;;132;5;;207;;;;;;
866;02.09.1998;;;53.4;6.3;;241;;;;;;
867;02.09.1998;;;;3.6;;146;;;;;;
868;02.09.1998;;;;3;;140;;;;;;
869;02.09.1998;;;;8.4;;322;;;;;;
870;02.09.1998;;;100;6.1;;378;;;;;;
503;30.09.1998;;;51.4;6.9;;318;;;;;;
871;30.09.1998;;;82.5;7;;333;;;;;;
872;30.09.1998;;;33;5.7;;230;;;;;;
873;30.09.1998;;;;6.2;;235;;;;;;
874;30.09.1998;;;;5.8;;188;;;;;;
896;28.09.1998;;;1.7;11.7;;462;;;;;;
895;28.09.1998;;;1.5;10.8;;404;;;;;;
894;28.09.1998;;;;12;;433;;;;;;
893;04.09.1998;;;0.5;11.5;;342;;;;;;
892;04.09.1998;;;5.4;8.7;;335;;;;;;
890;28.09.1998;;;2.5;7.9;;346;;;;;;
889;04.09.1998;;;3.2;11.7;;389;;;;;;
888;04.09.1998;;;6.2;11.3;;414;;;;;;
886;04.09.1998;;;0.7;10.4;;340;;;;;;
885;04.09.1998;;;50;8.9;;192;;;;;;
884;04.09.1998;;;18.3;7.7;;195;;;;;;
883;04.09.1998;;;;9.7;;307;;;;;;
882;28.09.1998;;;4.4;12.9;;319;;;;;;
881;04.09.1998;;;13;9.4;;340;;;;;;
657;04.09.1998;;;8.7;10.6;;325;;;;;;
880;04.09.1998;;;;8.6;;227;;;;;;
878;27.08.1998;;;68.3;10.2;;227;;;;;;
877;27.08.1998;;;20.1;7.6;;234;;;;;;
662;27.08.1998;;;39;7.2;;271;;;;;;
876;27.08.1998;;;27.7;4.7;;194;;;;;;
661;27.08.1998;;;76.3;5.2;;219;;;;;;
659;27.08.1998;;;1000;3.6;;251;;;;;;Schüttung > 1000 l/min.
454;27.08.1998;;;112;10;;289;;;;;;
453;27.08.1998;;;0;;;;;;;;;
452;27.08.1998;;;638;9.3;;295;;;;;;
451;27.08.1998;;;;8.9;;288;;;;;;
450;04.09.1998;;;8.5;8.9;;360;;;;;;
449;04.09.1998;;;34.5;8.9;;361;;;;;;
448;04.09.1998;;;150;8.5;;362;;;;;;
446;04.09.1998;;;19.6;10.9;;409;;;;;;
445;04.09.1998;;;2.4;11.7;;393;;;;;;
920;01.09.1998;;;;11.2;;219;;;;;;
919;01.09.1998;;;;6.6;;178;;;;;;
918;01.09.1998;;;4.4;5;;284;;;;;;
917;01.09.1998;;;65.9;6.5;;258;;;;;;
915;29.09.1998;;;;7.6;;373;;;;;;
914;29.09.1998;;;40;4.6;;279;;;;;;
913;29.09.1998;;;;5.2;;212;;;;;;
912;29.09.1998;;;7.5;6.8;;206;;;;;;
911;29.09.1998;;;250;5;;214;;;;;;
910;29.09.1998;;;85;4.3;;212;;;;;;
909;29.09.1998;;;500;4.6;;207;;;;;;
908;29.09.1998;;;;6.4;;250;;;;;;
907;29.09.1998;;;20;6.4;;175;;;;;;
906;29.09.1998;;;110;4.8;;172;;;;;;
905;30.09.1998;;;4.4;6.1;;323;;;;;;
904;30.09.1998;;;100;5.5;;360;;;;;;
903;30.09.1998;;;;8.6;;220;;;;;;
902;01.09.1998;;;49;4.1;;202;;;;;;
901;01.09.1998;;;2.5;13.7;;332;;;;;;
900;01.09.1998;;;1;11.1;;326;;;;;;
899;31.08.1998;;;1;7.3;;234;;;;;;
898;31.08.1998;;;8.3;10.1;;299;;;;;;
664;01.09.1998;;;1.5;13.1;;265;;;;;;
663;01.09.1998;;;1.5;12.6;;282;;;;;;
560;01.09.1998;;;3;13;;217;;;;;;
559;01.09.1998;;;0.8;13.6;;222;;;;;;
557;31.08.1998;;;15;12.1;;332;;;;;;
556;31.08.1998;;;2500;7.8;;275;;;;;;
555;01.09.1998;;;17.4;10.2;;336;;;;;;
554;01.09.1998;;;1.3;13.2;;344;;;;;;
549;31.08.1998;;;;9.5;;281;;;;;;
544;31.08.1998;;;4.4;12.2;;372;;;;;;
542;31.08.1998;;;3;10.1;;247;;;;;;
541;31.08.1998;;;30.4;7.1;;224;;;;;;
538;31.08.1998;;;42.6;7.4;;213;;;;;;
537;31.08.1998;;;176.5;7.4;;301;;;;;;
536;31.08.1998;;;47.7;7.4;;304;;;;;;
535;01.09.1998;;;35;8.5;;328;;;;;;
533;31.08.1998;;;123;6;;316;;;;;;
532;31.08.1998;;;18.5;7.4;;356;;;;;;
531;31.08.1998;;;7.1;7.2;;390;;;;;;
530;31.08.1998;;;22.7;7.2;;390;;;;;;
529;31.08.1998;;;41.6;7.2;;390;;;;;;
528;31.08.1998;;;33.3;7.3;;320;;;;;;
527;31.08.1998;;;10.4;7.3;;326;;;;;;
526;31.08.1998;;;84.2;6.7;;327;;;;;;
924;25.08.1998;;;;;;142;;;;;;
923;25.08.1998;;;;8.8;;158;;;;;;
122;30.06.1999;00.01.1900;;66.81;5.7;;248;;;;;;im Reservoir gemessen
123;30.06.1999;00.01.1900;;;5;;210;;;;;;Schüttung nicht messbar
124;30.06.1999;;;;5.8;;238;;;;;;Schüttung nicht messbar
125;30.06.1999;00.01.1900;;5;7.6;;366;;;;;;
126;30.06.1999;00.01.1900;;7.66;8.7;;268;;;;;;
130;30.06.1999;00.01.1900;;;4;;245;;;;;;Schüttung nicht messbar
744;30.06.1999;00.01.1900;;10;9;;372;;;;;;
745;30.06.1999;00.01.1900;;4.56;7.6;;348;;;;;;
748;30.06.1999;00.01.1900;;;10.4;;395;;;;;;Schüttung nicht messbar
746;30.06.1999;00.01.1900;;2.1;12.1;;449;;;;;;
747;30.06.1999;00.01.1900;;;;;;;;;;;Messungen nicht möglich
925;30.06.1999;00.01.1900;;10;7.6;;225;;;;;;
926;30.06.1999;00.01.1900;;24.59;9;;274;;;;;;Schüttung = 1 + 2 zusammen
927;30.06.1999;;;120.24;7.8;;248;;;;;;
928;30.06.1999;00.01.1900;;;10.5;;474;;;;;;Schüttung nicht messbar >10l
929;30.06.1999;00.01.1900;;;11.8;;396;;;;;;Schüttung nicht messbar
930;30.06.1999;00.01.1900;;3.5;10.4;;395;;;;;;Messung im Reservoir
931;30.06.1999;00.01.1900;;2.68;9.6;;390;;;;;;
932;30.06.1999;00.01.1900;;;8.5;;368;;;;;;Schüttung nicht messbar
933;30.06.1999;00.01.1900;;3;5.6;;379;;;;;;
934;30.06.1999;00.01.1900;;3.6;9.1;;284;;;;;;Überlauf Reservoir
935;30.06.1999;00.01.1900;;;10.4;;348;;;;;;Schüttung nicht messbar
193;17.06.1999;00.01.1900;;3000;5.4;;237;;;;;;
194;17.06.1999;00.01.1900;;150;7.2;;285;;;;;;Schüttung Chriesbaumbrunnen 1-3  >1000l/min.
195;17.06.1999;;;;;;;;;;;;keine Messungen
936;17.06.1999;;;150;7.1;;284;;;;;;
937;17.06.1999;00.01.1900;;900;7.2;;282;;;;;;
938;01.07.1999;;;26.2;9.4;;551;;;;;;Wassertemperatur  °C 10.2 in Reservoir
939;01.07.1999;00.01.1900;;16.5;9.6;;347;;;;;;
940;01.07.1999;00.01.1900;;9.31;7.2;;473;;;;;;
941;01.07.1999;00.01.1900;;;7.8;;355;;;;;;Schüttung nicht messbar
942;01.07.1999;00.01.1900;;;8.4;;331;;;;;;Schüttung nicht messbar
943;01.07.1999;00.01.1900;;4.56;8;;416;;;;;;
944;01.07.1999;00.01.1900;;4.94;9.4;;346;;;;;;
945;01.07.1999;00.01.1900;;;8.3;;329;;;;;;Schüttung nicht messbar
750;01.07.1999;00.01.1900;;;7.1;;361;;;;;;Schüttung nicht messbar
947;01.07.1999;00.01.1900;;1200;7.1;;336;;;;;;
133;28.06.1999;00.01.1900;;1100;5.9;;202;;;;;;
134;28.06.1999;00.01.1900;;340.9;4.5;;205;;;;;;Zuleitung 2: Leitfähigkeit 203uS/cm, Wassertemp. 4.4 °C, Schüttung 251.04 l/min.
135;29.06.1999;00.01.1900;;141.85;6.2;;193;;;;;;
136;28.06.1999;00.01.1900;;600;7.6;;305;;;;;;
137;29.06.1999;00.01.1900;;10;6.4;;252;;;;;;
141;02.07.1999;;;;8.2;;363;;;;;;Schüttung: mehrere 1000 l/min.
142;02.07.1999;00.01.1900;;9.03;8.8;;401;;;;;;
962;02.07.1999;;;;7.8;;403;;;;;;Schüttung nicht messbar
143;29.06.1999;00.01.1900;;8.15;4.9;;395;;;;;;
144;29.06.1999;00.01.1900;;6.97;7.6;;383;;;;;;
146;29.06.1999;00.01.1900;;7.52;6.7;;517;;;;;;
147;29.06.1999;00.01.1900;;14.77;5.6;;402;;;;;;
148;29.06.1999;00.01.1900;;100;5;;190;;;;;;Schüttung: Überlauf
149;29.06.1999;00.01.1900;;;;;;;;;;;keine Messungen
150;28.06.1999;00.01.1900;;750;7.7;;344;;;;;;
151;28.06.1999;00.01.1900;;365.85;7.9;;342;;;;;;
152;17.08.1999;;;;;;;;;;;;nicht messbar
153;28.06.1999;00.01.1900;;108.5;8.4;;348;;;;;;
154;28.06.1999;00.01.1900;;94.04;7.4;;369;;;;;;
155;28.06.1999;00.01.1900;;68.5;6.2;;320;;;;;;
156;02.07.1999;00.01.1900;;1.53;8.3;;419;;;;;;Zuleitung 2: Leitfähigkeit 425 uS/cm, Wassertemp. 6.5°C, Schüttung 13.4 l/min.
159;02.07.1999;00.01.1900;;12.6;6.2;;162;;;;;;
265;28.06.1999;;;15.87;8.1;;348;;;;;;
266;28.06.1999;00.01.1900;;7.93;8.6;;349;;;;;;
267;28.06.1999;00.01.1900;;75;8.2;;350;;;;;;
269;28.06.1999;;;;;;;;;;;;keine Messung
270;28.06.1999;00.01.1900;;262;6.6;;204;;;;;;
567;28.06.1999;00.01.1900;;18.57;9.8;;292;;;;;;"Zuleitung 2: Leitfähigkeit 292 uS/cm, Wassertemp. 9.9 °C, Schüttung 12.68 l/min.
Zuleitung 3: Leitfähigkeit 293 uS/cm, Wassertemp. 9.8 °C, Schüttung nicht messbar"
568;28.06.1999;00.01.1900;;31.54;9.9;;294;;;;;;
695;29.06.1999;00.01.1900;;1.28;8.2;;248;;;;;;"Zuleitung 2: Leitfähigkeit 250 uS/cm, Wassertemp. 7.3 °C, Schüttung 7.5 l/min.
Zuleitung 3: trocken"
696;02.07.1999;00.01.1900;;24.8;9.9;;323;;;;;;
698;02.07.1999;00.01.1900;;;12;;320;;;;;;Schüttung nicht messbar
700;29.06.1999;00.01.1900;;7.71;4.5;;359;;;;;;
701;29.06.1999;00.01.1900;;0.8;4.2;;319;;;;;;Zuleitung 2: Leitfähigkeit 316 uS/cm, Wassertemp. 3.8 °C, Schüttung 6.51 l/min.
702;29.06.1999;00.01.1900;;14.31;4.6;;512;;;;;;
703;29.06.1999;00.01.1900;;8.35;6.8;;643;;;;;;
704;29.06.1999;00.01.1900;;5.79;8;;642;;;;;;Zuleitung 2: Leitfähigkeit 660 uS/cm, Wassertemp. 6.4 °C, Schüttung 10.34 l/min.
705;29.06.1999;00.01.1900;;8.34;6.1;;607;;;;;;
706;29.06.1999;00.01.1900;;4.03;5.1;;352;;;;;;Zuleitung 1: trocken
707;29.06.1999;00.01.1900;;1.98;6.4;;758;;;;;;
708;28.06.1999;00.01.1900;;;;;;;;;;;keine Messungen
709;28.06.1999;00.01.1900;;;;;;;;;;;keine Messungen
710;02.07.1999;00.01.1900;;10.2;9.6;;422;;;;;;
711;02.07.1999;00.01.1900;;;9.1;;423;;;;;;Schüttung nicht messbar  ~ 10 l
712;29.06.1999;00.01.1900;;;6.4;;200;;;;;;Schüttung nicht messbar, Einlauf unter Wasser
713;02.07.1999;00.01.1900;;;;;;;;;;;keine Messungen
948;28.06.1999;00.01.1900;;;4.8;;275;;;;;;Schüttung nicht messbar
949;28.06.1999;00.01.1900;;17.34;5;;274;;;;;;
950;28.06.1999;00.01.1900;;9.2;3.6;;197;;;;;;Zuleitung 2: Leitfähigkeit 181 uS/cm, Wassertemp. 2.7 °C, Schüttung 104.16 l/min.
951;28.06.1999;00.01.1900;;1000;4.5;;227;;;;;;
952;28.06.1999;00.01.1900;;54.54;7.7;;348;;;;;;"obere Zuleit.: Leitfähigkeit 325 uS/cm, Wassertemp. 7.4 °C, Schüttung 263 l/min.
mittl.+unt. Zul: Leitfähigkeit 316 uS/cm, Wassertemp. 7.1 °C, Schüttung 375 l/min."
282;15.06.1999;00.01.1900;;300;6.9;;362;;;;;;
283;15.06.1999;00.01.1900;;250;8.5;;279;;;;;;
964;02.07.1999;00.01.1900;;1;12.1;;433;;;;;;
965;29.06.1999;00.01.1900;;9.18;4.5;;488;;;;;;
284;15.06.1999;00.01.1900;;;8.1;;372;;;;;;Schüttung nicht messbar
296;15.06.1999;00.01.1900;;200;6.1;;261;;;;;;
299;15.06.1999;00.01.1900;;;7.9;;434;;;;;;Schüttung nicht messbar
300;15.06.1999;;;;5.5;;242;;;;;;Schüttung nicht messbar
303;15.06.1999;00.01.1900;;6000;2.7;;98;;;;;;
307;15.06.1999;00.01.1900;;80;6.8;;361;;;;;;
623;15.06.1999;00.01.1900;;24;7.1;;159;;;;;;Zuleitung 2: Schüttung 24 l/min.
624;15.06.1999;00.01.1900;;;6.1;;353;;;;;;Schüttung nicht messbar
626;15.06.1999;00.01.1900;;200;5.7;;245;;;;;;
628;15.06.1999;00.01.1900;;7;7.3;;252;;;;;;Zuleitung 2: Leitfähigkeit 252 uS/cm, Wassertemp. 6.7°C, Schüttung 5l/min.
966;15.06.1999;00.01.1900;;100;7.6;;425;;;;;;
967;15.06.1999;;;15;5.7;;248;;;;;;
968;15.06.1999;00.01.1900;;;8;;375;;;;;;Schüttung nicht messbar
969;15.06.1999;;;60;8.1;;355;;;;;;
953;28.06.1999;00.01.1900;;2.5;11.6;;289;;;;;;
954;29.06.1999;00.01.1900;;;6.5;;252;;;;;;Schüttung nicht mesbar ~ 5 l/min.
955;29.06.1999;;;;;;;;;;;;keine Messungen
956;29.06.1999;00.01.1900;;59.46;4.7;;228;;;;;;Zuleitung 2: Leitfähigkeit 243 uS/cm, Wassertemp. 5.0 °C, Schüttung 1+2 137.61 l/min.
957;29.06.1999;00.01.1900;;1;11.1;;243;;;;;;Zuleitung 2: Leitfähigkeit 336 uS/cm, Wassertemp. 9.5 °C, Schüttung 5 l/min.
958;29.06.1999;00.01.1900;;;;;;;;;;;keine Messungen
959;29.06.1999;00.01.1900;;0.5;12.9;;440;;;;;;Schüttung im Überlauf
960;29.06.1999;00.01.1900;;12.02;6.2;;227;;;;;;Zuleitung 2: Leitfähigkeit 227 uS/cm, Wassertemp. 6.6 °C, Schüttung 26.9 l/min.
961;29.06.1999;;;;;;248;;;;;;Wassertemp. + Schüttung keine Messung
963;02.07.1999;;;25.42;9.8;;326;;;;;;
268;28.06.1999;;;191.08;9.6;;339;;;;;;
333;19.08.1999;00.01.1900;;;7.4;;99;;;;;;Schüttung nicht messbar, geschätzt ~100l/min.
276;18.08.1999;00.01.1900;;;7.7;;249;;;;;;nicht messbar
277;18.08.1999;;;;;;;;;;;;nicht messbar
279;18.08.1999;;;;;;;;;;;;nicht messbar
280;18.08.1999;;;100;6.4;;240;;;;;;Zuleitung 2: Leitfähigkeit 225 uS/cm, Wassertemp. 6.4 °C, Schüttung 60 l/ min.
281;18.08.1999;00.01.1900;;;8;;297;;;;;;Schüttung nicht messbar, geschätzt ~70l/min.
286;18.08.1999;00.01.1900;;30;6.3;;220;;;;;;
287;18.08.1999;00.01.1900;;200;6.7;;118;;;;;;
290;18.08.1999;00.01.1900;;40;5.6;;225;;;;;;
297;18.08.1999;00.01.1900;;;8;;285;;;;;;Schüttung nicht messbar
298;18.08.1999;00.01.1900;;12.55;10.2;;386;;;;;;"Zuleitung 2: Leitfähigkeit 399 uS/cm, Wassertemp. 10.7°C, Schüttung 9.63l/min.          
Zuleitung 3: Leitfähigkeit 380 uS/cm, Wassertemp.   9.8°C, Schüttung 12l/min. 
Zuleitung 4: Leitfähigkeit 388 uS/cm, Wassertemp.   9.0°C, Schüttung 28.43l/min."
304;18.08.1999;00.01.1900;;25;6.6;;248;;;;;;
305;18.08.1999;00.01.1900;;;6.5;;241;;;;;;Schüttung nicht messbar
572;18.08.1999;00.01.1900;;600;9.1;;299;;;;;;im Überleuf gemessen
621;18.08.1999;00.01.1900;;;7.3;;281;;;;;;Schüttung nicht messabr, geschätzt  ~40l/min.
629;18.08.1999;;;;;;;;;;;;nicht messbar
630;18.08.1999;00.01.1900;;;8.6;;320;;;;;;Schüttung nicht messbar
631;18.08.1999;00.01.1900;;12;8.3;;342;;;;;;
980;18.08.1999;00.01.1900;;200;8.5;;300;;;;;;
981;18.08.1999;00.01.1900;;;8.1;;299;;;;;;Schüttung nicht messbar, Überlauf 60l/min.
982;18.08.1999;00.01.1900;;;8.9;;304;;;;;;Schüttung nicht messbar, geschätzt ~20l/min.
336;19.08.1999;00.01.1900;;;8.9;;207;;;;;;Schüttung nicht messbar, geschätzt ~50l/min.
337;19.08.1999;00.01.1900;;9.58;11.1;;136;;;;;;
338;19.08.1999;00.01.1900;;;7.7;;107;;;;;;Schüttung nicht messbar
339;19.08.1999;00.01.1900;;;7;;156;;;;;;Schüttung nicht messbar, geschätzt ~600l/min.
344;19.08.1999;00.01.1900;;1075;5.9;;122;;;;;;
348;19.08.1999;00.01.1900;;4.28;8.4;;342;;;;;;
349;19.08.1999;00.01.1900;;223;8.1;;9.53;;;;;;Zuleitung 2: Leitfähigkeit 219 uS/cm., Wassertemp. 7.2°C, Schüttung 8.26l/min.
970;19.08.1999;00.01.1900;;64.79;8.6;;112;;;;;;Überwasser
971;19.08.1999;00.01.1900;;;3.2;;119;;;;;;Schüttung nicht messbar, geschätzt ~100l/min.
972;19.08.1999;00.01.1900;;;8.9;;131;;;;;;Schüttung nicht messbar
973;19.08.1999;00.01.1900;;;4.5;;95;;;;;;Schüttung nicht messbar, geschätzt ~500l/min.
974;19.08.1999;00.01.1900;;;10.9;;408;;;;;;Schüttung nicht messbar
976;19.08.1999;00.01.1900;;;11.6;;338;;;;;;Schüttung nicht messbar
975;25.03.1998;;;6.6;5.7;;121;;;;;;
977;19.08.1999;00.01.1900;;;13.9;;466;;;;;;Schüttung nicht messbar
978;19.08.1999;00.01.1900;;11.95;10.2;;272;;;;;;
979;19.08.1999;00.01.1900;;;13.2;;538;;;;;;Schüttung nicht messbar
846;01.10.1998;;;;3.9;;161;;;;;;"Schüttung nicht messbar
geschätzt ~500l/min."
799;09.10.1998;;;20;7.2;;277;;;;;;
446;04.09.1998;;;19.6;10.9;;409;;;;;;
993;20.08.1999;00.01.1900;;;5.2;;96;;;;;;Schüttung nicht messbar
311;20.08.1999;00.01.1900;;333.33;4.7;;61;;;;;;
312;20.08.1999;00.01.1900;;600;5;;57;;;;;;
315;20.08.1999;00.01.1900;;;4.5;;152;;;;;;"Schüttung nicht messbar 
geschätzt  ~100l/min."
316;20.08.1999;00.01.1900;;;5.5;;402;;;;;;"Schüttung nicht messbar
geschätzt ~10-20l/min."
317;20.08.1999;00.01.1900;;11.8;6.3;;212;;;;;;Zuleitung 2: Leitfähigkeit 147 uS/cm, Wassertemp. 4.9°C, Schüttung 17.5l/min.
325;20.08.1999;00.01.1900;;30;4.8;;126;;;;;;
326;20.08.1999;00.01.1900;;10.75;4.2;;64;;;;;;Zuleitung 2: Leitfähigkeit 62 uS/cm, Wassertemp. 4.3°C, Schüttung 47.7l/min.
327;20.08.1999;00.01.1900;;20;4.3;;361;;;;;;
331;20.08.1999;00.01.1900;;69;8;;347;;;;;;
983;20.08.1999;;;4;4.1;;64;;;;;;Zuleitung 2: Leitfähigkeit 64 uS/cm, Wassertemp. 4.1°C, Schüttung 7l/min.
984;20.08.1999;;;4.94;4.5;;55;;;;;;Zuleitung 2: Leitfähigkeit 55 uS/cm, Wassertemp. 4.1°C, Schüttung 4.26l/min.
985;20.08.1999;;;1;6.9;;342;;;;;;
986;20.08.1999;;;1;4.3;;361;;;;;;
987;20.08.1999;;;;3.7;;172;;;;;;"Schüttung nicht messbar
geschätzt ~100l/min."
988;20.08.1999;00.01.1900;;1.5;5.3;;152;;;;;;Zuleitung 2: Leitfähigkeit 152 uS/cm, Wassertemp. 5.2°C, Schüttung 6.64l/min.
989;20.08.1999;00.01.1900;;1;7.5;;340;;;;;;
990;20.08.1999;;;;8.8;;340;;;;;;Schüttung nicht messbar
991;20.08.1999;00.01.1900;;2.67;7.2;;273;;;;;;Zuleitung 2: Leitfähigkeit 279 uS/cm, Wassertemo. 8.4°C, Schüttung 1.98l/min.
992;20.08.1999;00.01.1900;;13.53;5.7;;116;;;;;;
994;20.08.1999;;;40;5.1;;54;;;;;;
995;20.08.1999;00.01.1900;;;9.6;;227;;;;;;Schüttung nicht messbar
194;17.06.1999;00.01.1900;;150;7.2;;285;;;;;;
506;17.08.1999;00.01.1900;;;7.4;;284;;;;;;Schüttung nicht messbar
606;17.08.1999;00.01.1900;;;6.3;;270;;;;;;"Schüttung nicht messbar
geschätzt ~5l/min."
607;17.08.1999;00.01.1900;;5;8.8;;249;;;;;;Zuleitung 1 kein Wasser
632;17.08.1999;00.01.1900;;;10.8;;122;;;;;;Schüttung nicht messbar, manchmal trocken
996;17.08.1999;00.01.1900;;;11.1;;69;;;;;;Schüttung nicht messbar
997;17.08.1999;00.01.1900;;;5.3;;193;;;;;;Schüttung nicht messbar
998;17.08.1999;00.01.1900;;15.58;7.8;;254;;;;;;Schüttung Zuleitung 2: 9.47l/min.
999;17.08.1999;00.01.1900;;37.19;8;;269;;;;;;
1000;17.08.1999;00.01.1900;;50;6.8;;325;;;;;;
1001;17.08.1999;00.01.1900;;300;7.1;;320;;;;;;
1002;17.08.1999;00.01.1900;;40.84;6.8;;319;;;;;;Schüttung = Überwasser
1003;17.08.1999;00.01.1900;;;5.9;;303;;;;;;"Schüttung nicht messbar
geschätzt  ~50l/min."
1004;17.08.1999;00.01.1900;;;8.1;;366;;;;;;Schüttung nicht messbar
1005;17.08.1999;00.01.1900;;;7.4;;313;;;;;;Schüttung nicht messbar
1006;17.08.1999;00.01.1900;;;7.4;;303;;;;;;Schüttung nicht messbar
1007;17.08.1999;00.01.1900;;;9.3;;359;;;;;;Schüttung nicht messbar
1008;17.08.1999;00.01.1900;;;8.9;;379;;;;;;Schüttung nicht messbar
1009;18.08.1999;00.01.1900;;25.1;12.2;;395;;;;;;Zuleitung 2: Leitfähigkeit 397 uS/cm, Wassertemp. 12.1°C, Schüttung 16.85l/min.
1010;18.08.1999;00.01.1900;;38.51;9.3;;38;;;;;;
1011;18.08.1999;00.01.1900;;30;11.6;;366;;;;;;
1012;18.08.1999;00.01.1900;;11.47;12.8;;354;;;;;;
1013;18.08.1999;00.01.1900;;;;;;;;;;;Aufnahme verweigert
1014;18.08.1999;00.01.1900;;;;;;;;;;;Aufnahme verweigert
1015;18.08.1999;00.01.1900;;3;16.5;;432;;;;;;Schüttung Zuleitung 2: 1l/min.
1016;18.08.1999;00.01.1900;;30;10.5;;402;;;;;;
1017;18.08.1999;00.01.1900;;57.19;8.2;;254;;;;;;
1018;18.08.1999;00.01.1900;;18.64;11.7;;354;;;;;;
46;28.06.1999;;;1000;4.5;;227;;;;;;
308;18.10.1999;00.01.1900;;185.18;5.5;;138;;;;;;
309;18.10.1999;00.01.1900;;164.38;7.1;;248;;;;;;
310;18.10.1999;00.01.1900;;42.28;8.6;;398;;;;;;
313;18.10.1999;00.01.1900;;157.89;4.5;;156;;;;;;Zuleitung 2: Leitfähigkeit 198 uS/cm, Wassertemp. 7.4 °C, Schüttung 14.31 l/min.
314;18.10.1999;00.01.1900;;8.34;8.4;;375;;;;;;
318;08.10.1999;00.01.1900;;37.75;4.9;;100;;;;;;Zuleitung 2: Leitfähigkeit 99 uS/cm, Wassertemp. 4.4 °C, Schüttung 16.6 l/min.
319;18.10.1999;;;;;;;;;;;;Schacht nicht gefunden
320;18.10.1999;00.01.1900;;142;4.9;;79;;;;;;
321;18.10.1999;00.01.1900;;;4.1;;154;;;;;;Schüttung nicht messbar, geschätzt ~ 200l/min.
322;18.10.1999;00.01.1900;;1;8.5;;71;;;;;;"Zuleitung 2: Leitfähigkeit 74 uS/cm, Wassertemp. 8.8°C, Schüttung 20 l/min.
Zuleitung 3: Leitfähigkeit 74 uS/cm, Wassertemp. 8.8 °C, Schüttung 11.76 l/min."
323;18.10.1999;00.01.1900;;32.62;5.8;;;228;;;;;
324;18.10.1999;00.01.1900;;60;6.5;;267;;;;;;
328;18.10.1999;00.01.1900;;21.2;7;;413;;;;;;
651;18.10.1999;00.01.1900;;71.47;7.1;;249;;;;;;
749;18.10.1999;;;4.65;5.5;;135;;;;;;"Zuleitung 2: Leitfähigkeit 135 uS/cm, Wassertemp. 5.6 °C, Schüttung 35.5 l/min.
Zuleitung 3: Leitfähigkeit 133 uS/cm, Wassertemp. 5.6 °C, Schüttung 25.53 l/min."
951;18.10.1999;00.01.1900;;437.95;5.5;;138;;;;;;
1019;18.10.1999;00.01.1900;;126.05;5.5;;141;;;;;;
1020;18.10.1999;;;39.78;5.3;;197;;;;;;
1021;18.10.1999;;;434.78;5.4;;166;;;;;;
1022;18.10.1999;00.01.1900;;27.07;7.8;;87;;;;;;
1023;18.10.1999;00.01.1900;;46.54;5.2;;211;;;;;;
1024;18.10.1999;00.01.1900;;9.43;6;;398;;;;;;
340;19.10.1999;;;;;;;;;;;;nicht messbar, Schacht verschlossen
342;19.10.1999;00.01.1900;;;6.3;;161;;;;;;Schüttung nicht messbar, Schacht verschlossen
693;19.10.1999;00.01.1900;;;3.7;;155;;;;;;Schüttung nicht messbar
1025;19.10.1999;00.01.1900;;;4.2;;297;;;;;;Schüttung nicht messbar
1026;19.10.1999;00.01.1900;;60;4.2;;297;;;;;;
1027;19.10.1999;00.01.1900;;5;4;;131;;;;;;
1028;19.10.1999;00.01.1900;;21.35;2.9;;91;;;;;;Zuleitung 2: Leitfähigkeit 91 uS/cm, Wassertemp. 3.1 °C, Schüttung 19.54 l/min.
1029;19.10.1999;00.01.1900;;3.12;4.8;;21;;;;;;"Zuleitung 1: kein Wasser
Zuleitung 3: Leitfähigkeit 22 uS/cm, Wassertemp. 4.8 °C, Schüttung 3.71 l/min."
1030;19.10.1999;00.01.1900;;5.79;4.6;;23;;;;;;
1031;19.10.1999;00.01.1900;;17.93;4.4;;71;;;;;;
1032;19.10.1999;00.01.1900;;;4.1;;399;;;;;;Schüttung nicht messbar
1033;19.10.1999;00.01.1900;;2.5;8.2;;255;;;;;;
1034;19.10.1999;00.01.1900;;;10.3;;313;;;;;;Schüttung nicht messbar
1035;19.10.1999;00.01.1900;;;;;;;;;;;nicht messbar, verschlossen
1036;19.10.1999;;;;;;;;;;;;Schacht nicht gefunden
1037;19.10.1999;00.01.1900;;;;;;;;;;;keine Begehung
